{
  "accuracy": 0.6928783382789317,
  "auc": 0.7292724821513352,
  "f1": 0.6145251396648045,
  "tpr": 0.5631399317406144,
  "fpr": 0.2073490813648294
}