{
  "accuracy": 0.677734375,
  "auc": 0.7528033794162827,
  "f1": 0.5352112676056338,
  "tpr": 0.6785714285714286,
  "fpr": 0.3225806451612903
}