{
  "accuracy": 0.9960500329163924,
  "auc": 1.0,
  "f1": 0.9810126582278481,
  "tpr": 1.0,
  "fpr": 0.004398826979472141
}