{
  "accuracy": 0.5726401179941003,
  "auc": 0.5977889825485794,
  "f1": 0.1832276250880902,
  "tpr": 0.5676855895196506,
  "fpr": 0.42690293999194523
}