{
  "accuracy": 0.7123893805309734,
  "auc": 0.6673959342744636,
  "f1": 0.22,
  "tpr": 0.48034934497816595,
  "fpr": 0.2662102295610149
}