{
  "accuracy": 0.9473337722185649,
  "auc": 0.9978904550184468,
  "f1": 0.7948717948717948,
  "tpr": 1.0,
  "fpr": 0.05865102639296188
}