{
  "accuracy": 0.6572614107883817,
  "auc": 0.6640167477377216,
  "f1": 0.11309949892627058,
  "tpr": 0.572463768115942,
  "fpr": 0.3393730227207363
}