{
  "accuracy": 0.7089605734767025,
  "auc": 0.7440340121917429,
  "f1": 0.3695652173913043,
  "tpr": 0.6197916666666666,
  "fpr": 0.27680798004987534
}