{
  "accuracy": 0.5872752420470263,
  "auc": 0.6068522756165776,
  "f1": 0.09466019417475728,
  "tpr": 0.5652173913043478,
  "fpr": 0.4118492953695715
}