{
  "accuracy": 0.6268545994065282,
  "auc": 0.6699307104530022,
  "f1": 0.5913891145410236,
  "tpr": 0.621160409556314,
  "fpr": 0.36876640419947504
}