{
  "accuracy": 0.8413897280966768,
  "auc": 0.8974710712952594,
  "f1": 0.8655569782330346,
  "tpr": 0.8894736842105263,
  "fpr": 0.22340425531914893
}