{
  "accuracy": 0.6580645161290323,
  "auc": 0.6941543710169022,
  "f1": 0.32340425531914896,
  "tpr": 0.59375,
  "fpr": 0.3316708229426434
}