{
  "accuracy": 0.8746223564954683,
  "auc": 0.9286580813736469,
  "f1": 0.8920676202860858,
  "tpr": 0.9026315789473685,
  "fpr": 0.16312056737588654
}